,City,Cloudiness,Country,Date,Humidity,Lat,Lng,Max Temp,Wind Speed
0,punta arenas,0,CL,1563555537,76,-53.16,-70.91,277.15,7.7
1,agadir,0,MA,1563555072,57,30.42,-9.58,298.15,6.7
2,mar del plata,77,AR,1563555255,39,-46.43,-67.52,281.146,12.74
3,tangshan,51,CN,1563554957,87,39.63,118.17,295.646,2.8
4,vila,0,IT,1563555538,45,45.18,8.4,303.71,3.6
5,salalah,75,OM,1563554722,94,17.01,54.1,300.15,3.6
6,iskateley,88,RU,1563555539,93,67.68,53.15,280.046,6.15
7,albany,40,US,1563555280,69,42.65,-73.75,304.26,3.6
8,ribeira grande,40,PT,1563555248,78,38.52,-28.7,298.15,5.1
9,kavieng,12,PG,1563555541,76,-2.57,150.8,301.746,5.88
10,ushuaia,20,AR,1563555541,80,-54.81,-68.31,278.15,3.1
11,kaitangata,100,NZ,1563555542,83,-46.28,169.85,281.48,4.47
12,saint george,20,GR,1563555059,42,39.45,22.34,302.15,3.6
13,tuktoyaktuk,90,CA,1563555503,93,69.44,-133.03,285.15,3.1
14,port elizabeth,20,US,1563555501,66,39.31,-74.98,308.15,2.6
15,hithadhoo,93,MV,1563555544,77,-0.6,73.08,301.546,7.35
16,saint-philippe,1,CA,1563555439,62,45.36,-73.48,304.26,3.1
17,lagoa,0,PT,1563555545,48,37.14,-8.45,303.15,5.7
18,levikha,96,RU,1563555545,95,57.58,59.9,291.546,1.68
19,butaritari,100,KI,1563555546,66,3.07,172.79,302.346,3.69
20,east london,40,ZA,1563555546,54,-33.02,27.91,288.15,10.8
21,yellowknife,75,CA,1563555337,51,62.45,-114.38,289.15,3.45
22,kholodnyy,100,RU,1563555547,94,62.72,147.95,277.446,1.84
23,faya,75,SA,1563555034,13,18.39,42.45,302.15,6.7
24,torbay,40,CA,1563555491,49,47.66,-52.73,296.48,13.9
25,bredasdorp,62,ZA,1563555548,81,-34.53,20.04,283.15,5.7
26,flin flon,90,CA,1563555549,88,54.77,-101.88,290.15,4.6
27,mendi,100,ET,1563555550,97,9.8,35.1,290.946,1.15
28,antalaha,16,MG,1563555550,98,-14.9,50.28,289.646,1.69
29,geraldton,20,CA,1563554979,60,49.72,-86.95,297.15,5.7
30,lompoc,90,US,1563555477,82,34.64,-120.46,291.15,2.1
31,tiksi,92,RU,1563555552,81,71.64,128.87,277.146,2.17
32,pevek,100,RU,1563555552,98,69.7,170.27,273.246,3.62
33,busselton,49,AU,1563555553,98,-33.64,115.35,282.04,13.0
34,meulaboh,100,ID,1563555017,86,4.14,96.13,298.546,2.5
35,nagato,75,JP,1563555554,94,34.35,131.14,298.15,8.2
36,cape town,40,ZA,1563554892,71,-33.93,18.42,285.93,4.1
37,vestmannaeyjar,75,IS,1563555017,93,63.44,-20.27,285.15,4.6
38,bubaque,80,GW,1563555555,81,11.28,-15.83,299.246,8.65
39,mount gambier,100,AU,1563555038,87,-37.83,140.78,282.15,5.1
40,qaanaaq,100,GL,1563555556,78,77.48,-69.36,277.846,3.56
41,adeje,100,NG,1563555557,88,5.68,5.76,297.646,3.64
42,new norfolk,8,AU,1563555483,81,-42.78,147.06,280.37,3.6
43,sterlibashevo,100,RU,1563555557,95,53.44,55.26,292.546,4.03
44,vallenar,0,CL,1563555558,17,-28.58,-70.76,299.946,3.94
45,sitka,0,US,1563555102,39,37.17,-99.65,308.15,6.71
46,hofn,90,IS,1563555077,82,64.25,-15.21,286.15,3.6
47,shubarshi,0,KZ,1563555559,29,48.59,57.19,304.846,6.94
48,hilo,90,US,1563555560,88,19.71,-155.08,299.26,1.5
49,arraial do cabo,40,BR,1563555541,77,-22.97,-42.02,295.15,10.3
50,upernavik,98,GL,1563555560,91,72.79,-56.15,279.946,6.07
51,saint-pierre,0,FR,1563555108,36,48.95,4.24,300.37,3.1
52,san patricio,28,PY,1563555561,73,-26.98,-56.83,295.746,2.49
53,ambanja,0,MG,1563555562,70,-13.68,48.45,298.446,2.35
54,yulara,0,AU,1563555326,32,-25.24,130.99,278.15,1.5
55,zhigansk,27,RU,1563555563,69,66.77,123.37,281.246,6.42
56,vuktyl,98,RU,1563555564,94,63.86,57.31,283.746,1.82
57,gorom-gorom,84,BF,1563555564,26,14.45,-0.24,311.246,2.76
58,rikitea,96,PF,1563555565,60,-23.12,-134.97,292.146,6.14
59,mataura,100,NZ,1563555565,97,-46.19,168.86,280.37,0.89
60,fushun,17,CN,1563555566,88,41.89,123.95,297.15,2.0
61,statesboro,40,US,1563555559,52,32.45,-81.78,307.15,1.5
62,manavalakurichi,75,IN,1563555021,94,8.13,77.3,298.15,2.1
63,harper,75,US,1563554992,62,30.3,-99.24,303.71,6.7
64,hobart,8,AU,1563555428,81,-42.88,147.33,280.37,3.6
65,port alfred,72,ZA,1563555568,77,-33.59,26.89,286.48,5.36
66,dakoro,100,NE,1563555569,35,14.51,6.76,307.846,5.6
67,bluff,0,AU,1563555569,59,-23.58,149.07,283.346,3.54
68,cedar city,1,US,1563555481,17,37.68,-113.06,301.15,5.7
69,kuching,75,MY,1563555570,88,1.56,110.34,300.15,2.1
70,bambous virieux,75,MU,1563555571,83,-20.34,57.76,294.15,5.7
71,forest grove,40,US,1563555572,59,45.52,-123.11,291.48,2.72
72,necochea,83,AR,1563554977,63,-38.55,-58.74,287.59,5.36
73,ahipara,0,NZ,1563555050,73,-35.17,173.16,287.446,9.01
74,damietta,0,EG,1563555573,69,31.42,31.81,301.15,5.7
75,karpathos,20,GR,1563555574,61,35.51,27.21,299.15,9.3
76,udachnyy,40,RU,1563555574,53,66.42,112.4,283.15,4.0
77,houma,84,CN,1563555575,70,35.63,111.36,298.246,2.09
78,taitung,100,TW,1563555575,89,22.76,121.15,291.046,3.64
79,cherskiy,66,RU,1563555576,79,68.75,161.3,278.846,2.58
80,atar,0,MR,1563555037,11,20.52,-13.05,313.846,5.12
81,jamestown,0,AU,1563555496,46,-33.21,138.6,283.246,5.96
82,egvekinot,100,RU,1563555578,97,66.32,-179.17,281.646,3.22
83,thompson,90,CA,1563555541,87,55.74,-97.86,286.15,6.2
84,haines junction,84,CA,1563554985,82,60.75,-137.51,285.146,2.69
85,georgetown,75,GY,1563555580,74,6.8,-58.16,303.15,3.1
86,longyearbyen,75,NO,1563555580,61,78.22,15.63,283.15,5.1
87,khatanga,87,RU,1563555581,51,71.98,102.47,287.346,3.53
88,chokurdakh,85,RU,1563555581,87,70.62,147.9,275.346,3.84
89,tagab,20,AF,1563555582,10,34.85,69.65,304.15,5.1
90,kapaa,75,US,1563555582,83,22.08,-159.32,299.15,6.2
91,lasa,20,CY,1563554988,74,34.92,32.53,300.15,6.7
92,manitouwadge,90,CA,1563555583,100,49.12,-85.84,287.15,2.1
93,kedrovyy,75,RU,1563555584,88,56.17,91.82,292.15,1.0
94,khon buri,84,TH,1563555584,90,14.52,102.25,296.946,4.58
95,bathsheba,40,BB,1563555073,62,13.22,-59.52,304.15,8.7
96,barrow,85,AR,1563555489,38,-38.31,-60.23,286.546,7.03
97,beringovskiy,100,RU,1563555586,78,63.05,179.32,286.946,3.52
98,ambon,90,FR,1563555046,73,47.55,-2.56,294.26,3.6
99,novokuznetsk,42,RU,1563555587,97,53.76,87.14,287.346,2.46
100,vardo,1,US,1563555587,63,39.62,-77.74,307.59,2.6
101,eskilstuna,0,SE,1563555377,47,59.37,16.51,298.15,3.1
102,yako,97,BF,1563555588,49,12.96,-2.26,305.146,9.58
103,boyolangu,64,ID,1563555589,95,-8.09,111.9,293.346,2.29
104,chillicothe,40,US,1563555589,74,39.33,-82.98,305.37,3.6
105,dikson,15,RU,1563555590,82,73.51,80.55,277.746,9.56
106,namatanai,73,PG,1563555137,83,-3.66,152.44,299.446,6.72
107,severo-kurilsk,77,RU,1563555087,94,50.68,156.12,282.246,3.17
108,cayenne,75,GF,1563555001,66,4.94,-52.33,303.15,1.0
109,saint-francois,0,FR,1563555591,33,46.42,3.91,303.15,1.5
110,vaini,98,IN,1563555592,89,15.34,74.49,298.846,1.84
111,vila franca do campo,40,PT,1563555013,88,37.72,-25.43,296.15,5.7
112,novyy urengoy,65,RU,1563555593,57,66.08,76.63,296.946,6.49
113,teacapan,48,MX,1563555593,71,22.54,-105.74,302.146,2.3
114,samarai,97,PG,1563555594,90,-10.62,150.67,294.746,2.68
115,touros,75,BR,1563555594,74,-5.2,-35.46,301.15,7.7
116,kodiak,1,US,1563555595,26,39.95,-94.76,306.48,6.7
117,bonavista,43,CA,1563555533,45,48.65,-53.11,296.48,9.39
118,flinders,0,AU,1563555595,81,-34.58,150.85,283.15,6.2
119,sao filipe,1,CV,1563555578,84,14.9,-24.5,297.446,6.21
120,ilulissat,75,GL,1563555597,87,69.22,-51.1,282.15,3.1
121,avarua,2,CK,1563555597,100,-21.21,-159.78,292.15,1.0
122,chivilcoy,16,AR,1563555598,66,-34.9,-60.02,290.246,4.46
123,kananga,0,CD,1563555598,25,-5.9,22.41,295.946,0.39
124,kindu,16,CD,1563555599,45,-2.95,25.92,299.546,1.19
125,bandarbeyla,52,SO,1563555006,56,9.49,50.81,300.146,11.02
126,ancud,40,CL,1563555066,66,-41.87,-73.83,282.15,5.7
127,vanimo,84,PG,1563555601,75,-2.67,141.3,301.046,2.43
128,wajima,100,JP,1563555028,90,37.4,136.9,296.646,5.81
129,katsuura,75,JP,1563555602,94,33.93,134.5,297.15,6.2
130,qaqortoq,75,GL,1563555603,59,60.72,-46.03,289.15,2.6
131,sinnamary,2,GF,1563555607,77,5.38,-52.96,300.746,5.97
132,bethel,90,US,1563555519,100,60.79,-161.76,285.15,3.6
133,castro,40,CL,1563555489,66,-42.48,-73.76,282.15,5.7
134,malumfashi,69,NG,1563555609,62,11.79,7.62,300.846,1.33
135,kangaatsiaq,100,GL,1563555610,92,68.31,-53.46,279.446,7.08
136,taksimo,99,RU,1563555554,89,56.36,114.84,286.146,1.76
137,puerto ayora,75,EC,1563555611,83,-0.74,-90.35,295.15,6.7
138,santa fe,3,AR,1563555612,56,-31.62,-60.7,295.37,0.45
139,coihaique,75,CL,1563555128,93,-45.58,-72.07,279.15,1.5
140,klaksvik,75,FO,1563555613,93,62.23,-6.59,285.15,5.1
141,grindavik,75,IS,1563555614,76,63.84,-22.43,288.15,8.7
142,jardim,43,BR,1563555615,40,-21.48,-56.15,301.046,2.14
143,aljezur,4,PT,1563555511,51,37.31,-8.8,303.15,10.46
144,stokmarknes,0,NO,1563555615,49,68.56,14.91,295.15,3.1
145,aswan,72,EG,1563555616,10,24.09,32.9,311.246,3.42
146,hermanus,56,ZA,1563555617,96,-34.42,19.24,284.26,3.58
147,turangi,100,NZ,1563555617,92,-39.0,175.93,283.15,0.45
148,port lincoln,0,AU,1563555046,61,-34.72,135.86,288.346,10.96
149,merrill,1,US,1563555618,51,42.03,-121.6,293.15,1.15
150,mayo,40,CA,1563555619,67,63.59,-135.9,289.15,0.94
151,dongsheng,16,CN,1563555619,85,29.72,112.52,298.846,1.82
152,nanortalik,21,GL,1563555620,88,60.14,-45.24,280.046,2.23
153,cabo san lucas,20,MX,1563555426,38,22.89,-109.91,307.15,3.6
154,saldanha,0,PT,1563555621,21,41.42,-6.55,305.546,6.07
155,atuona,41,PF,1563555503,76,-9.8,-139.03,299.546,6.39
156,kahului,40,US,1563555622,78,20.89,-156.47,299.15,7.2
157,stephenville,20,CA,1563555594,77,48.55,-58.59,290.37,6.7
158,tuatapere,44,NZ,1563555512,97,-46.13,167.69,280.37,0.89
159,lisala,89,CD,1563555624,67,2.15,21.52,298.646,0.92
160,makakilo city,75,US,1563555625,100,21.35,-158.09,300.37,5.76
161,port blair,94,IN,1563555625,82,11.67,92.75,301.646,5.3
162,hambantota,100,LK,1563555626,74,6.12,81.12,301.246,13.48
163,whitehorse,75,CA,1563555615,76,60.72,-135.06,288.15,3.1
164,mawlaik,94,MM,1563555627,92,23.63,94.42,296.946,2.01
165,caravelas,18,BR,1563555627,69,-17.73,-39.27,295.946,6.87
166,lazaro cardenas,75,MX,1563555628,54,28.39,-105.62,302.59,1.5
167,dhidhdhoo,100,MV,1563555628,77,6.88,73.1,301.846,8.95
168,tuy hoa,100,VN,1563555629,84,13.08,109.3,298.146,1.64
169,port pirie,0,AU,1563555630,57,-33.18,138.01,282.15,1.5
170,jaen,73,PE,1563555631,59,-5.71,-78.81,294.846,2.61
171,okhotsk,94,RU,1563555070,99,59.36,143.24,282.946,1.05
172,faanui,55,PF,1563555632,73,-16.48,-151.75,297.946,5.63
173,nalut,0,LY,1563555632,35,31.86,10.98,301.746,10.65
174,sechura,0,PE,1563555633,92,-5.56,-80.82,289.346,6.34
175,dwarka,40,IN,1563555634,70,28.58,77.04,305.15,2.6
176,juneau,90,US,1563555634,100,58.3,-134.42,287.15,0.92
177,codrington,0,AU,1563555635,93,-28.95,153.24,286.48,1.24
178,koumac,0,NC,1563555636,62,-20.56,164.28,294.246,6.7
179,susangerd,0,IR,1563555636,14,31.56,48.19,313.15,6.2
180,luganville,56,VU,1563555637,97,-15.51,167.18,291.246,0.84
181,smithers,90,CA,1563555637,93,54.78,-127.17,284.15,2.1
182,kabare,41,RW,1563555638,86,-1.65,29.38,287.346,0.34
183,zhanaozen,43,KZ,1563555399,28,43.35,52.85,305.546,8.95
184,narsaq,75,GL,1563555639,59,60.91,-46.05,289.15,2.6
185,madimba,75,CM,1563555639,74,4.42,9.93,302.15,1.5
186,mareeba,0,AU,1563555641,82,-16.99,145.42,287.15,5.1
187,ewa beach,75,US,1563555508,100,21.32,-158.01,300.37,5.76
188,longyan,78,CN,1563555641,94,25.1,117.03,295.646,0.74
189,porto novo,0,BR,1563555642,49,-23.68,-45.44,294.15,2.1
190,kushiro,100,JP,1563555642,99,43.11,144.15,288.746,0.53
191,bara,100,NG,1563555643,86,10.41,10.6,296.146,3.87
192,hamilton,75,CA,1563555449,79,43.26,-79.87,305.93,6.7
193,shimoda,100,JP,1563555644,90,34.7,138.93,298.15,2.04
194,axim,100,GH,1563555644,88,4.87,-2.24,298.046,3.69
195,luxor,0,EG,1563555645,23,25.7,32.65,316.15,2.6
196,mabay,40,CU,1563555646,49,20.35,-76.78,306.15,3.6
197,broome,75,GB,1563555647,77,52.47,1.45,292.59,6.7
198,la sarre,22,CA,1563555647,37,48.8,-79.2,302.546,6.21
199,kilinochchi,100,LK,1563555648,75,9.4,80.4,302.246,10.25
200,povenets,94,RU,1563555648,83,62.85,34.83,288.846,2.12
201,dawei,94,MM,1563555649,80,14.07,98.19,301.446,4.39
202,abnub,0,EG,1563555649,32,27.27,31.15,309.15,6.7
203,sur,1,OM,1563555650,85,22.57,59.53,298.246,5.75
204,camacha,75,PT,1563555650,78,33.08,-16.33,297.15,8.7
205,vohibinany,24,MG,1563555651,92,-17.35,49.03,288.646,1.51
206,dolzhanskaya,0,RU,1563555652,61,46.63,37.8,296.346,3.35
207,olinda,46,AU,1563555078,81,-37.84,145.39,283.71,6.7
208,gillette,40,US,1563555652,43,44.29,-105.5,295.37,4.1
209,saskylakh,72,RU,1563555653,50,71.97,114.09,285.446,4.29
210,dindori,26,IN,1563555653,64,22.94,81.08,299.746,1.98
211,mitsamiouli,20,KM,1563555654,73,-11.38,43.28,298.15,1.5
212,pergamino,24,AR,1563555655,65,-33.9,-60.57,292.59,3.59
213,kupang,8,ID,1563555656,76,-10.16,123.6,296.446,4.81
214,matadi,85,CD,1563555656,78,-5.83,13.46,296.746,3.88
215,te anau,93,NZ,1563555657,86,-45.41,167.72,278.446,2.85
216,isangel,92,VU,1563555658,74,-19.55,169.27,295.046,7.74
217,mehamn,75,NO,1563555519,82,71.03,27.85,289.15,5.1
218,bechyne,88,CZ,1563555659,77,49.3,14.47,295.37,1.59
219,fairbanks,75,US,1563555660,72,64.84,-147.72,289.82,2.6
220,nova prata,90,BR,1563555660,77,-28.78,-51.61,291.48,7.2
221,sabha,0,LY,1563555103,14,27.03,14.43,306.546,4.2
222,hami,21,CN,1563555661,15,42.84,93.51,303.146,3.93
223,sattahip,20,TH,1563555661,74,12.67,100.9,304.82,4.1
224,nome,1,US,1563555577,70,30.04,-94.42,306.15,3.6
225,makokou,91,GA,1563555662,94,0.56,12.85,294.946,0.57
226,basco,1,US,1563555663,66,40.33,-91.2,305.37,6.2
227,acapulco,75,MX,1563555664,79,16.86,-99.88,302.15,2.6
228,meadow lake,40,CA,1563555664,77,54.13,-108.44,292.15,4.6
229,tasiilaq,20,GL,1563555665,71,65.61,-37.64,283.15,2.1
230,shiyan,8,CN,1563555665,80,32.65,110.78,293.746,1.11
231,chuy,60,UY,1563555666,79,-33.69,-53.46,288.846,2.85
232,atambua,8,ID,1563555667,77,-9.11,124.89,297.546,4.83
233,mahebourg,75,MU,1563555667,83,-20.41,57.7,294.15,5.7
234,kitsuki,100,JP,1563555668,90,33.42,131.62,298.15,8.39
235,saint-georges,52,CA,1563555668,100,46.12,-70.67,298.71,0.89
236,ellisras,0,ZA,1563555669,41,-23.67,27.74,286.946,1.29
237,husavik,0,CA,1563555669,43,50.56,-96.99,298.71,1.34
238,norman wells,40,CA,1563555670,68,65.28,-126.83,293.15,2.1
239,alyangula,3,AU,1563555671,93,-13.85,136.42,289.15,2.88
240,daru,97,PG,1563555671,87,-9.07,143.21,295.946,3.51
241,kiruna,34,SE,1563555672,48,67.86,20.23,292.15,3.6
242,dzhebariki-khaya,17,RU,1563555672,92,62.22,135.8,276.946,0.55
243,auch,0,FR,1563555673,35,43.65,0.59,305.93,2.1
244,spassk-ryazanskiy,7,RU,1563555673,67,54.41,40.38,292.59,4.17
245,la primavera,0,AR,1563555674,43,-32.92,-68.67,283.15,1.0
246,hovd,0,NO,1563555674,82,63.83,10.7,290.15,8.2
247,kamojima,75,JP,1563555675,94,34.07,134.35,297.15,6.2
248,jalu,0,LY,1563555675,20,29.03,21.55,304.446,4.69
249,spencer,1,US,1563555677,74,43.14,-95.14,305.15,5.7
250,pisco,90,PE,1563555678,30,-13.71,-76.2,295.15,2.6
251,fortuna,0,ES,1563555100,65,38.18,-1.13,305.37,6.7
252,esna,75,RO,1563555679,68,45.2,27.57,294.15,7.2
253,sovetskaya gavan,86,RU,1563555680,98,48.97,140.29,287.746,0.77
254,bereda,0,ES,1563555680,73,43.27,-7.54,301.48,3.6
255,jiaozuo,49,CN,1563555681,61,35.21,113.25,296.946,1.19
256,umm kaddadah,87,SD,1563555681,29,13.6,26.69,306.946,2.35
257,tecoanapa,75,MX,1563555682,79,16.99,-99.26,302.15,2.6
258,puerto cabello,16,VE,1563555637,49,10.47,-68.01,306.246,3.12
259,acajutla,9,SV,1563555681,62,13.59,-89.83,302.146,2.96
260,kruisfontein,100,ZA,1563555683,70,-34.0,24.73,282.846,12.8
261,xinzhi,90,TW,1563555684,100,22.54,120.62,299.15,2.1
262,port macquarie,0,AU,1563555396,75,-31.43,152.91,278.15,2.6
263,garmsar,0,IR,1563555685,10,35.22,52.34,300.346,2.29
264,quatre cocos,75,MU,1563555686,83,-20.21,57.76,294.15,5.7
265,ust-tsilma,100,RU,1563555686,95,65.44,52.15,284.246,1.63
266,nouadhibou,0,MR,1563555069,60,20.93,-17.03,297.15,9.8
267,santa marta,75,CO,1563555529,70,11.24,-74.21,305.15,3.6
268,kolondieba,61,ML,1563555688,78,11.09,-6.89,299.546,4.48
269,moyale,48,ET,1563555587,69,3.52,39.05,293.746,2.01
270,menongue,0,AO,1563555689,25,-14.66,17.68,288.446,1.92
271,westport,40,US,1563555690,69,41.14,-73.36,304.26,2.6
272,portland,1,US,1563555690,61,43.66,-70.25,304.26,4.1
273,lorengau,8,PG,1563555557,83,-2.02,147.27,300.046,4.78
274,petropavlovsk-kamchatskiy,76,RU,1563555691,93,53.05,158.65,288.15,2.0
275,cidreira,83,BR,1563555692,60,-30.17,-50.22,293.946,1.06
276,dudinka,0,RU,1563555692,52,69.41,86.18,291.15,4.0
277,campbellsville,7,US,1563555693,62,37.34,-85.34,305.93,1.5
278,koscian,0,PL,1563555693,41,52.09,16.65,298.15,4.6
279,varnavino,83,RU,1563555694,62,61.19,46.56,291.946,2.23
280,boa vista,75,BR,1563555695,62,2.82,-60.67,303.15,2.1
281,erice,20,IT,1563555696,61,38.04,12.59,302.15,9.3
282,ossora,86,RU,1563555148,98,59.24,163.07,286.146,0.6
283,lebu,92,ET,1563555697,88,8.96,38.73,287.946,1.24
284,seminole,1,US,1563555698,31,32.72,-102.64,307.59,6.2
285,khurba,1,RU,1563555698,94,50.41,136.89,289.546,1.24
286,shanhetun,5,CN,1563555699,89,44.7,127.2,294.046,2.42
287,aksu,0,KZ,1563555699,60,52.04,76.93,295.15,4.0
288,hay river,20,CA,1563555700,72,60.82,-115.79,289.15,2.1
289,mezen,71,RU,1563555701,84,65.85,44.24,283.646,4.16
290,los llanos de aridane,20,ES,1563555701,73,28.66,-17.92,297.15,9.3
291,kochki,91,RU,1563555702,96,54.33,80.49,289.246,0.65
292,kristinehamn,75,SE,1563555702,68,59.31,14.11,298.15,0.81
293,charlottetown,75,CA,1563555703,60,46.23,-63.13,298.15,5.7
294,iqaluit,67,CA,1563555538,81,63.75,-68.52,280.93,2.68
295,akdepe,0,TM,1563555704,32,42.05,59.39,312.15,2.11
296,jaciara,0,BR,1563555704,23,-15.95,-54.98,307.146,2.85
297,cacapava do sul,78,BR,1563555705,80,-30.51,-53.49,291.746,2.41
298,lynchburg,1,US,1563555430,55,37.41,-79.14,308.15,0.17
299,langsa,100,ID,1563555706,89,4.47,97.97,293.446,1.2
300,kaseda,100,JP,1563555547,88,31.42,130.32,298.71,5.81
301,nikolskoye,90,RU,1563555707,88,59.7,30.79,290.37,5.0
302,kaoma,7,ZM,1563555707,30,-14.8,24.8,289.546,2.89
303,cordoba,0,AR,1563555708,29,-27.78,-67.24,291.646,3.13
304,yumen,0,CN,1563555708,24,40.29,97.04,299.046,3.45
305,rosarito,40,CO,1563555709,77,4.91,-75.23,300.15,3.6
306,parrita,40,CR,1563555709,65,9.52,-84.33,300.15,7.2
307,leningradskiy,75,RU,1563555710,82,69.38,178.42,275.746,0.82
308,clyde river,75,CA,1563555710,93,70.47,-68.59,278.15,7.7
309,trapani,20,IT,1563555711,61,38.02,12.54,302.15,9.3
310,victoria,75,BN,1563555524,88,5.28,115.24,301.15,3.68
311,lavrentiya,100,RU,1563555712,86,65.58,-170.99,282.946,3.32
312,coquimbo,0,CL,1563555712,67,-29.95,-71.34,288.15,4.6
313,linfen,80,CN,1563555533,60,36.09,111.52,300.446,2.92
314,atencingo,24,MX,1563555713,51,18.51,-98.61,301.546,1.26
315,kaili,7,ID,1563555714,85,-3.46,120.21,288.346,1.93
316,margate,8,AU,1563555714,81,-43.03,147.26,280.37,3.6
317,harer,1,US,1563555715,46,42.19,-111.17,299.26,4.63
318,ninghai,75,CN,1563555716,94,29.29,121.42,300.15,2.0
319,srednekolymsk,99,RU,1563555717,68,67.46,153.71,278.746,2.03
320,tautira,20,PF,1563555138,77,-17.73,-149.15,294.15,3.1
321,walvis bay,0,NA,1563555590,27,-22.95,14.51,303.15,3.1
322,bucak,75,TR,1563555718,34,37.46,30.59,301.15,4.6
323,agirish,1,RU,1563555719,73,61.92,63.02,289.646,1.26
324,constitucion,75,MX,1563555719,60,23.99,-104.67,295.37,3.6
325,pacific grove,90,US,1563555600,82,36.62,-121.92,292.59,2.1
326,moose factory,75,CA,1563555720,65,51.26,-80.61,298.15,8.7
327,bastia,20,IT,1563555721,69,44.6,8.98,302.59,2.1
328,karratha,55,AU,1563555722,35,-20.74,116.85,292.546,4.96
329,tiznit,4,MA,1563555722,91,29.7,-9.73,293.446,4.85
330,barcelos,94,BR,1563555723,93,-0.97,-62.93,299.846,1.24
331,manzhouli,100,CN,1563555124,95,49.6,117.43,291.646,4.29
332,nantucket,90,US,1563555556,88,41.28,-70.1,299.82,3.1
333,ponta do sol,27,BR,1563555724,49,-20.63,-46.0,292.946,3.68
334,komsomolskiy,92,RU,1563555589,80,67.55,63.78,290.846,4.4
335,rovaniemi,0,FI,1563555725,63,66.5,25.72,290.15,3.1
336,mildura,0,AU,1563555726,81,-34.18,142.16,279.26,2.6
337,tottori,100,JP,1563555726,92,35.5,134.23,295.846,3.01
338,araouane,23,ML,1563555727,15,18.9,-3.53,315.046,3.33
339,ushirombo,97,TZ,1563555727,35,-3.47,31.9,298.546,2.2
340,el limon,0,VE,1563555728,83,10.3,-67.63,299.746,5.01
341,tateyama,100,JP,1563555491,73,36.66,137.31,299.26,0.89
342,chum phae,79,TH,1563555729,84,16.54,102.1,298.946,1.84
343,suez,0,EG,1563555628,51,29.97,32.54,300.046,7.21
344,frohnleiten,75,AT,1563555730,47,47.27,15.33,298.71,5.7
345,lincoln,90,GB,1563555730,93,53.23,-0.54,292.59,7.7
346,inhambane,0,MZ,1563555731,78,-23.87,35.38,296.15,7.7
347,mount isa,0,AU,1563555731,52,-20.73,139.49,278.15,4.76
348,ostrovnoy,1,RU,1563555732,92,68.05,39.51,279.346,4.3
349,batetskiy,100,RU,1563555732,95,58.65,30.3,288.646,3.22
350,oistins,40,BB,1563555724,62,13.07,-59.53,304.15,8.7
351,tubinskiy,75,RU,1563555733,50,52.89,58.22,298.15,3.0
352,denpasar,32,ID,1563555634,91,-8.65,115.22,294.946,2.85
353,port moresby,49,PG,1563555734,83,-9.47,147.16,297.346,9.92
354,kisangani,88,CD,1563555143,74,0.52,25.21,298.146,0.63
355,santa cruz,61,BR,1563555736,46,-6.22,-36.02,302.046,6.96
356,xai-xai,0,MZ,1563555736,26,-25.04,33.64,294.446,3.41
357,sumbe,90,AO,1563555737,86,-11.2,13.84,296.15,2.6
358,brae,36,GB,1563555737,72,60.4,-1.35,290.15,6.7
359,itauna,40,BR,1563555738,77,-22.93,-42.48,298.15,10.3
360,victor harbor,0,AU,1563555739,47,-35.55,138.62,286.48,6.7
361,ambilobe,0,MG,1563555739,75,-13.19,49.05,294.446,1.49
362,pangody,74,RU,1563555740,60,65.85,74.49,297.746,2.67
363,pringsewu,100,ID,1563555740,97,-5.36,104.98,295.246,0.68
364,igarka,0,RU,1563555741,56,67.47,86.57,289.646,5.16
365,mabaruma,91,GY,1563555741,86,8.2,-59.78,300.646,2.08
366,kavaratti,100,IN,1563555742,76,10.57,72.64,300.746,9.62
367,zyryanka,97,RU,1563555742,77,65.73,150.89,278.646,4.3
368,viedma,100,AR,1563555570,23,-40.81,-62.99,287.946,8.56
369,san cristobal,50,HN,1563555743,39,14.68,-86.92,302.146,4.82
370,san juan,50,AR,1563555722,15,-31.54,-68.53,289.846,2.0
371,guerrero negro,0,MX,1563555545,86,27.97,-114.04,291.946,6.07
372,yar-sale,33,RU,1563555745,72,66.83,70.83,293.946,1.5
373,matagami,100,NG,1563555745,96,9.67,8.4,294.146,1.65
374,gigmoto,62,PH,1563555598,75,13.78,124.39,302.046,4.46
375,tocopilla,39,CL,1563555746,84,-22.09,-70.2,287.446,3.08
376,chapais,1,CA,1563555747,64,49.78,-74.86,297.15,6.2
377,cockburn town,51,TC,1563555625,78,21.46,-71.14,301.246,8.49
378,maroantsetra,19,MG,1563555748,98,-15.43,49.74,289.146,0.96
379,mbour,20,SN,1563555748,58,14.41,-16.97,301.15,5.7
380,aykhal,40,RU,1563555749,53,65.95,111.51,283.15,4.0
381,burns lake,100,CA,1563555749,97,54.23,-125.76,280.546,2.11
382,diego de almagro,0,CL,1563555750,27,-26.39,-70.05,297.246,4.07
383,champerico,75,MX,1563555750,65,16.38,-93.6,300.15,1.5
384,college,75,US,1563555751,72,64.86,-147.8,290.37,2.6
385,ginir,19,ET,1563555751,88,7.14,40.71,287.746,2.53
386,kesinga,65,IN,1563555752,83,20.19,83.22,300.146,2.51
387,cochrane,90,CL,1563555752,83,-47.25,-72.57,274.15,2.6
388,vieux-habitants,40,GP,1563555753,59,16.06,-61.77,305.15,7.2
389,alberton,0,ZA,1563555753,13,-26.25,28.13,291.15,2.6
390,lodja,0,CD,1563555754,34,-3.52,23.6,299.746,0.97
391,labuhan,63,ID,1563555562,85,-2.54,115.51,295.546,0.61
392,swellendam,72,ZA,1563555755,81,-34.02,20.44,283.15,5.7
393,cap malheureux,75,MU,1563555755,83,-19.98,57.61,294.15,5.7
394,jacksonville,75,US,1563555470,66,30.33,-81.66,307.59,3.1
395,worthington,1,US,1563555457,94,43.62,-95.6,305.15,7.7
396,komyshuvakha,46,UA,1563555757,73,48.64,37.46,291.246,2.16
397,grand forks,75,US,1563555639,88,47.91,-97.06,294.82,1.93
398,johannesburg,0,ZA,1563555757,13,-26.21,28.05,291.15,2.6
399,dhangadhi,1,NP,1563555758,71,28.7,80.57,298.246,2.34
400,airai,1,TL,1563555759,78,-8.93,125.41,292.846,2.2
401,takestan,20,IR,1563555760,42,36.07,49.69,302.15,2.1
402,khuzhir,35,RU,1563555760,95,53.19,107.35,286.346,0.39
403,shobara,90,JP,1563555761,69,34.92,133.05,299.15,1.0
404,pangkalanbuun,80,ID,1563555538,99,-2.68,111.62,296.846,0.87
405,fuzhou,0,CN,1563555762,83,26.08,119.3,301.15,4.0
406,vaux-sur-sure,40,BE,1563555763,56,49.91,5.58,299.26,4.1
407,belle fourche,1,US,1563555763,52,44.67,-103.85,298.15,3.1
408,san quintin,100,PH,1563555764,93,17.54,120.52,296.646,1.32
409,honningsvag,0,NO,1563555765,67,70.98,25.97,289.15,6.2
410,bushehr,0,IR,1563555765,29,28.97,50.84,306.15,2.1
411,sistranda,75,NO,1563555766,87,63.73,8.83,289.26,2.1
412,camopi,20,GF,1563555767,90,3.17,-52.33,300.646,1.37
413,carnarvon,53,ZA,1563555768,70,-30.97,22.13,280.046,6.39
414,estacion coahuila,1,MX,1563555768,15,32.19,-115.0,308.15,4.1
415,vaitape,55,PF,1563555769,73,-16.52,-151.75,297.946,5.63
416,zhangjiakou,99,CN,1563555770,90,40.77,114.88,291.246,1.75
417,russell,1,US,1563555771,41,38.9,-98.86,310.93,7.7
418,kidal,53,ML,1563555771,17,18.44,1.41,311.346,5.13
419,san pedro,64,AR,1563555695,67,-33.68,-59.66,293.15,3.03
420,huilong,100,CN,1563555772,88,31.15,106.5,298.546,0.61
421,sept-iles,75,CA,1563555718,43,50.2,-66.38,295.15,5.1
422,taltal,0,CL,1563555774,54,-25.41,-70.49,290.546,2.14
423,west bend,40,US,1563555717,70,43.43,-88.18,305.37,4.6
424,mandalgovi,17,MN,1563555775,65,45.76,106.27,290.746,0.36
425,challans,0,FR,1563555775,50,46.85,-1.88,299.15,4.6
426,nizwa,18,OM,1563555775,44,22.93,57.53,303.246,2.63
427,sao mateus,45,BR,1563555681,57,-18.72,-39.86,296.546,4.11
428,tsarychanka,15,UA,1563555777,65,48.94,34.49,291.846,1.5
429,bolobo,73,CD,1563555777,58,-2.17,16.23,300.846,2.68
430,tazovskiy,0,RU,1563555589,65,67.47,78.7,291.346,5.89
431,dubbo,0,AU,1563555778,93,-32.25,148.6,275.15,4.1
432,comodoro rivadavia,40,AR,1563555779,40,-45.87,-67.48,284.15,14.4
433,namibe,75,AO,1563555779,78,-15.19,12.15,295.15,6.7
434,mach,2,PK,1563555781,63,29.87,67.33,296.746,3.52
435,brigantine,40,US,1563555781,66,39.41,-74.36,306.48,3.6
436,maniitsoq,100,GL,1563555782,89,65.42,-52.9,280.046,1.67
437,erenhot,49,CN,1563555783,49,43.65,111.97,297.246,5.56
438,alugan,74,PH,1563555784,96,12.22,125.48,297.446,1.57
439,pangnirtung,90,CA,1563555784,93,66.15,-65.72,285.15,1.5
440,teguldet,50,RU,1563555785,93,57.31,88.17,288.546,3.28
441,marsaxlokk,20,MT,1563555785,54,35.84,14.54,301.15,2.1
442,kimberley,0,ZA,1563555786,38,-28.74,24.76,289.15,4.1
443,velyka mykhaylivka,53,UA,1563555786,51,47.08,29.85,295.246,2.33
444,gela,5,IT,1563555787,78,37.07,14.25,301.15,5.1
445,parthenay,26,FR,1563555787,39,46.65,-0.25,303.71,3.1
446,kulhudhuffushi,100,MV,1563555788,78,6.62,73.07,301.646,9.45
447,dali,95,CN,1563555554,78,34.79,109.94,296.746,0.82
448,dunda,16,IN,1563555789,81,30.62,78.32,294.146,2.29
449,cururupu,30,BR,1563555501,46,-1.82,-44.87,304.546,2.48
450,furano,100,JP,1563555790,97,43.28,142.47,290.746,1.06
451,cabedelo,75,BR,1563555791,78,-6.97,-34.84,300.15,8.2
452,quelimane,0,MZ,1563555791,73,-17.88,36.89,297.15,2.6
453,denizli,75,TR,1563555792,64,37.77,29.09,296.15,2.6
454,richards bay,0,ZA,1563555792,62,-28.77,32.06,296.446,6.93
455,pimentel,24,BR,1563555792,46,-3.7,-45.5,303.646,2.94
456,masterton,100,NZ,1563555793,80,-40.95,175.66,284.82,1.4
457,havelock,20,US,1563555674,52,34.88,-76.9,307.04,5.1
458,lakes entrance,6,AU,1563555794,94,-37.88,147.99,279.26,3.27
459,rawson,78,AR,1563555794,29,-43.3,-65.11,283.646,13.9
460,marshfield,1,US,1563555572,69,42.09,-70.71,304.26,2.1
461,provideniya,67,RU,1563555795,82,64.42,-173.23,285.446,2.02
462,buala,22,SB,1563555581,84,-8.15,159.59,298.746,3.15
463,avera,40,US,1563555797,59,33.19,-82.53,308.15,3.1
464,gusau,94,NG,1563555797,59,12.17,6.66,301.946,3.24
465,slave lake,40,CA,1563555533,87,55.28,-114.77,289.15,6.2
466,huarmey,46,PE,1563555614,83,-10.07,-78.15,290.146,4.37
467,auki,94,NG,1563555799,59,12.18,6.51,301.946,3.24
468,glendive,40,US,1563555747,37,47.11,-104.71,295.93,3.6
469,bossangoa,100,CF,1563555800,92,6.5,17.45,294.846,1.16
470,kirakira,66,SB,1563555801,86,-10.46,161.92,298.046,2.21
471,adre,18,TD,1563555801,46,13.47,22.2,302.146,2.19
472,port-gentil,75,GA,1563555802,83,-0.72,8.78,299.15,5.7
473,muroto,100,JP,1563555802,96,33.37,134.14,295.546,1.86
474,harlingen,90,NL,1563555803,64,53.18,5.41,295.93,3.6
475,madan,40,BG,1563555750,47,41.5,24.94,299.15,5.7
476,ludvika,100,SE,1563555804,49,60.15,15.18,295.37,2.6
477,nuevo progreso,75,US,1563555804,55,26.05,-97.95,307.59,6.2
478,southaven,36,US,1563555641,74,34.99,-90.01,306.48,1.5
479,henties bay,0,NA,1563555805,80,-22.12,14.28,288.71,2.24
480,plouzane,90,FR,1563555806,100,48.38,-4.62,292.15,5.7
481,vila do maio,40,CV,1563555806,52,15.13,-23.22,304.15,7.7
482,antofagasta,20,CL,1563555646,67,-23.65,-70.4,287.15,3.1
483,aksarayskiy,0,RU,1563555807,30,46.79,48.01,303.71,2.0
484,najran,40,SA,1563555808,11,17.54,44.22,308.15,3.1
485,tigbinan,91,PH,1563555808,81,14.19,122.47,300.946,0.75
486,iracoubo,20,GF,1563555810,70,5.48,-53.21,302.246,3.32
487,solnechnyy,6,RU,1563555810,96,50.72,136.64,290.246,0.49
488,yago,90,MX,1563555811,78,21.83,-105.07,296.15,1.71
489,troitsko-pechorsk,95,RU,1563555812,95,62.71,56.19,284.346,1.34
490,balad,56,ID,1563555812,97,-6.76,108.42,290.946,2.46
491,dosso,51,NE,1563555813,35,13.05,3.19,308.446,3.51
492,barabinsk,18,RU,1563555813,95,55.35,78.35,290.246,2.78
493,nipawin,90,CA,1563555814,87,53.36,-104.02,288.15,4.1
494,havoysund,20,NO,1563555815,49,71.0,24.66,293.15,1.0
495,obihiro,100,JP,1563555815,99,42.92,143.2,289.346,1.28
496,calatayud,33,ES,1563555704,57,41.35,-1.64,308.71,5.7
497,gandzak,28,AM,1563555816,35,40.33,45.12,303.15,10.8
498,jacareacanga,20,BR,1563555816,55,-6.22,-57.76,306.15,2.1
499,ballina,75,IE,1563555817,93,54.11,-9.15,289.15,3.6
500,portoferraio,20,IT,1563555817,57,42.81,10.31,301.48,1.69
501,esperance,40,AU,1563555818,71,-33.86,121.89,286.15,7.7
502,roald,40,NO,1563555818,77,62.58,6.12,291.15,2.6
503,dakar,20,SN,1563555819,58,14.69,-17.45,301.15,5.7
504,alghero,0,IT,1563555820,57,40.56,8.32,300.15,4.6
505,mwene-ditu,0,CD,1563555820,28,-7.01,23.45,294.846,1.1
506,mega,4,ET,1563555821,62,4.06,38.32,294.346,5.38
507,praxedis guerrero,1,MX,1563555821,31,31.37,-106.02,304.26,5.7
508,kirovskiy,31,RU,1563555822,95,45.09,133.51,291.846,1.58
509,gezing,40,AT,1563555822,44,47.92,13.13,300.37,1.0
510,payo,91,ID,1563555570,90,-3.75,103.64,292.946,1.37
511,columbia,1,US,1563555611,62,38.95,-92.33,306.48,7.2
